[
    {"name": "Afghanistan", "name_es": "Afganistán", "iso_code": "AF"},
    {"name": "Åland Islands", "name_es": "Islas Åland", "iso_code": "AX"},
    {"name": "Albania", "name_es": "Albania", "iso_code": "AL"},
    {"name": "Algeria", "name_es": "Argelia", "iso_code": "DZ"},
    {"name": "American Samoa", "name_es": "Samoa Americana", "iso_code": "AS"},
    {"name": "AndorrA", "name_es": "Andorra", "iso_code": "AD"},
    {"name": "Angola", "name_es": "Angola", "iso_code": "AO"},
    {"name": "Anguilla", "name_es": "Anguila", "iso_code": "AI"},
    {"name": "Antarctica", "name_es": "Antártida", "iso_code": "AQ"},
    {"name": "Antigua and Barbuda", "name_es": "Antigua y Barbuda", "iso_code": "AG"},
    {"name": "Argentina", "name_es": "Argentina", "iso_code": "AR"},
    {"name": "Armenia", "name_es": "Armenia", "iso_code": "AM"},
    {"name": "Aruba", "name_es": "Aruba", "iso_code": "AW"},
    {"name": "Australia", "name_es": "Australia", "iso_code": "AU"},
    {"name": "Austria", "name_es": "Austria", "iso_code": "AT"},
    {"name": "Azerbaijan", "name_es": "Azerbaiyán", "iso_code": "AZ"},
    {"name": "Bahamas", "name_es": "Bahamas", "iso_code": "BS"},
    {"name": "Bahrain", "name_es": "Baréin", "iso_code": "BH"},
    {"name": "Bangladesh", "name_es": "Bangladés", "iso_code": "BD"},
    {"name": "Barbados", "name_es": "Barbados", "iso_code": "BB"},
    {"name": "Belarus", "name_es": "Bielorrusia", "iso_code": "BY"},
    {"name": "Belgium", "name_es": "Bélgica", "iso_code": "BE"},
    {"name": "Belize", "name_es": "Belice", "iso_code": "BZ"},
    {"name": "Benin", "name_es": "Benín", "iso_code": "BJ"},
    {"name": "Bermuda", "name_es": "Bermudas", "iso_code": "BM"},
    {"name": "Bhutan", "name_es": "Bután", "iso_code": "BT"},
    {"name": "Bolivia", "name_es": "Bolivia", "iso_code": "BO"},
    {"name": "Bosnia and Herzegovina", "name_es": "Bosnia y Herzegovina", "iso_code": "BA"},
    {"name": "Botswana", "name_es": "Botsuana", "iso_code": "BW"},
    {"name": "Bouvet Island", "name_es": "Isla Bouvet", "iso_code": "BV"},
    {"name": "Brazil", "name_es": "Brasil", "iso_code": "BR"},
    {"name": "British Indian Ocean Territory", "name_es": "Territorio Británico del Océano Índico", "iso_code": "IO"},
    {"name": "Brunei Darussalam", "name_es": "Brunéi", "iso_code": "BN"},
    {"name": "Bulgaria", "name_es": "Bulgaria", "iso_code": "BG"},
    {"name": "Burkina Faso", "name_es": "Burkina Faso", "iso_code": "BF"},
    {"name": "Burundi", "name_es": "Burundi", "iso_code": "BI"},
    {"name": "Cambodia", "name_es": "Camboya", "iso_code": "KH"},
    {"name": "Cameroon", "name_es": "Camerún", "iso_code": "CM"},
    {"name": "Canada", "name_es": "Canadá", "iso_code": "CA"},
    {"name": "Cape Verde", "name_es": "Cabo Verde", "iso_code": "CV"},
    {"name": "Cayman Islands", "name_es": "Islas Caimán", "iso_code": "KY"},
    {"name": "Central African Republic", "name_es": "República Centroafricana", "iso_code": "CF"},
    {"name": "Chad", "name_es": "Chad", "iso_code": "TD"},
    {"name": "Chile", "name_es": "Chile", "iso_code": "CL"},
    {"name": "China", "name_es": "China", "iso_code": "CN"},
    {"name": "Christmas Island", "name_es": "Isla de Navidad", "iso_code": "CX"},
    {"name": "Cocos (Keeling) Islands", "name_es": "Islas Cocos", "iso_code": "CC"},
    {"name": "Colombia", "name_es": "Colombia", "iso_code": "CO"},
    {"name": "Comoros", "name_es": "Comoras", "iso_code": "KM"},
    {"name": "Congo", "name_es": "Congo", "iso_code": "CG"},
    {"name": "Congo, The Democratic Republic of the", "name_es": "República Democrática del Congo", "iso_code": "CD"},
    {"name": "Cook Islands", "name_es": "Islas Cook", "iso_code": "CK"},
    {"name": "Costa Rica", "name_es": "Costa Rica", "iso_code": "CR"},
    {"name": "Cote D\"Ivoire", "name_es": "Costa de Marfil", "iso_code": "CI"},
    {"name": "Croatia", "name_es": "Croacia", "iso_code": "HR"},
    {"name": "Cuba", "name_es": "Cuba", "iso_code": "CU"},
    {"name": "Cyprus", "name_es": "Chipre", "iso_code": "CY"},
    {"name": "Czech Republic", "name_es": "República Checa", "iso_code": "CZ"},
    {"name": "Denmark", "name_es": "Dinamarca", "iso_code": "DK"},
    {"name": "Djibouti", "name_es": "Yibuti", "iso_code": "DJ"},
    {"name": "Dominica", "name_es": "Dominica", "iso_code": "DM"},
    {"name": "Dominican Republic", "name_es": "República Dominicana", "iso_code": "DO"},
    {"name": "Ecuador", "name_es": "Ecuador", "iso_code": "EC"},
    {"name": "Egypt", "name_es": "Egipto", "iso_code": "EG"},
    {"name": "El Salvador", "name_es": "El Salvador", "iso_code": "SV"},
    {"name": "Equatorial Guinea", "name_es": "Guinea Ecuatorial", "iso_code": "GQ"},
    {"name": "Eritrea", "name_es": "Eritrea", "iso_code": "ER"},
    {"name": "Estonia", "name_es": "Estonia", "iso_code": "EE"},
    {"name": "Ethiopia", "name_es": "Etiopía", "iso_code": "ET"},
    {"name": "Falkland Islands (Malvinas)", "name_es": "Islas Malvinas", "iso_code": "FK"},
    {"name": "Faroe Islands", "name_es": "Islas Feroe", "iso_code": "FO"},
    {"name": "Fiji", "name_es": "Fiyi", "iso_code": "FJ"},
    {"name": "Finland", "name_es": "Finlandia", "iso_code": "FI"},
    {"name": "France", "name_es": "Francia", "iso_code": "FR"},
    {"name": "French Guiana", "name_es": "Guayana Francesa", "iso_code": "GF"},
    {"name": "French Polynesia", "name_es": "Polinesia Francesa", "iso_code": "PF"},
    {"name": "French Southern Territories", "name_es": "Territorios Australes Franceses", "iso_code": "TF"},
    {"name": "Gabon", "name_es": "Gabón", "iso_code": "GA"},
    {"name": "Gambia", "name_es": "Gambia", "iso_code": "GM"},
    {"name": "Georgia", "name_es": "Georgia", "iso_code": "GE"},
    {"name": "Germany", "name_es": "Alemania", "iso_code": "DE"},
    {"name": "Ghana", "name_es": "Ghana", "iso_code": "GH"},
    {"name": "Gibraltar", "name_es": "Gibraltar", "iso_code": "GI"},
    {"name": "Greece", "name_es": "Grecia", "iso_code": "GR"},
    {"name": "Greenland", "name_es": "Groenlandia", "iso_code": "GL"},
    {"name": "Grenada", "name_es": "Granada", "iso_code": "GD"},
    {"name": "Guadeloupe", "name_es": "Guadalupe", "iso_code": "GP"},
    {"name": "Guam", "name_es": "Guam", "iso_code": "GU"},
    {"name": "Guatemala", "name_es": "Guatemala", "iso_code": "GT"},
    {"name": "Guernsey", "name_es": "Guernsey", "iso_code": "GG"},
    {"name": "Guinea", "name_es": "Guinea", "iso_code": "GN"},
    {"name": "Guinea-Bissau", "name_es": "Guinea-Bisáu", "iso_code": "GW"},
    {"name": "Guyana", "name_es": "Guyana", "iso_code": "GY"},
    {"name": "Haiti", "name_es": "Haití", "iso_code": "HT"},
    {"name": "Heard Island and Mcdonald Islands", "name_es": "Islas Heard y McDonald", "iso_code": "HM"},
    {"name": "Holy See (Vatican City State)", "name_es": "Ciudad del Vaticano", "iso_code": "VA"},
    {"name": "Honduras", "name_es": "Honduras", "iso_code": "HN"},
    {"name": "Hong Kong", "name_es": "Hong Kong", "iso_code": "HK"},
    {"name": "Hungary", "name_es": "Hungría", "iso_code": "HU"},
    {"name": "Iceland", "name_es": "Islandia", "iso_code": "IS"},
    {"name": "India", "name_es": "India", "iso_code": "IN"},
    {"name": "Indonesia", "name_es": "Indonesia", "iso_code": "ID"},
    {"name": "Iran, Islamic Republic Of", "name_es": "Irán", "iso_code": "IR"},
    {"name": "Iraq", "name_es": "Irak", "iso_code": "IQ"},
    {"name": "Ireland", "name_es": "Irlanda", "iso_code": "IE"},
    {"name": "Isle of Man", "name_es": "Isla de Man", "iso_code": "IM"},
    {"name": "Israel", "name_es": "Israel", "iso_code": "IL"},
    {"name": "Italy", "name_es": "Italia", "iso_code": "IT"},
    {"name": "Jamaica", "name_es": "Jamaica", "iso_code": "JM"},
    {"name": "Japan", "name_es": "Japón", "iso_code": "JP"},
    {"name": "Jersey", "name_es": "Jersey", "iso_code": "JE"},
    {"name": "Jordan", "name_es": "Jordania", "iso_code": "JO"},
    {"name": "Kazakhstan", "name_es": "Kazajistán", "iso_code": "KZ"},
    {"name": "Kenya", "name_es": "Kenia", "iso_code": "KE"},
    {"name": "Kiribati", "name_es": "Kiribati", "iso_code": "KI"},
    {"name": "Korea, Democratic People\"S Republic of", "name_es": "Corea del Norte", "iso_code": "KP"},
    {"name": "Korea, Republic of", "name_es": "Corea del Sur", "iso_code": "KR"},
    {"name": "Kuwait", "name_es": "Kuwait", "iso_code": "KW"},
    {"name": "Kyrgyzstan", "name_es": "Kirguistán", "iso_code": "KG"},
    {"name": "Lao People\"S Democratic Republic", "name_es": "Laos", "iso_code": "LA"},
    {"name": "Latvia", "name_es": "Letonia", "iso_code": "LV"},
    {"name": "Lebanon", "name_es": "Líbano", "iso_code": "LB"},
    {"name": "Lesotho", "name_es": "Lesoto", "iso_code": "LS"},
    {"name": "Liberia", "name_es": "Liberia", "iso_code": "LR"},
    {"name": "Libyan Arab Jamahiriya", "name_es": "Libia", "iso_code": "LY"},
    {"name": "Liechtenstein", "name_es": "Liechtenstein", "iso_code": "LI"},
    {"name": "Lithuania", "name_es": "Lituania", "iso_code": "LT"},
    {"name": "Luxembourg", "name_es": "Luxemburgo", "iso_code": "LU"},
    {"name": "Macao", "name_es": "Macao", "iso_code": "MO"},
    {"name": "Macedonia, The Former Yugoslav Republic of", "name_es": "Macedonia del Norte", "iso_code": "MK"},
    {"name": "Madagascar", "name_es": "Madagascar", "iso_code": "MG"},
    {"name": "Malawi", "name_es": "Malaui", "iso_code": "MW"},
    {"name": "Malaysia", "name_es": "Malasia", "iso_code": "MY"},
    {"name": "Maldives", "name_es": "Maldivas", "iso_code": "MV"},
    {"name": "Mali", "name_es": "Malí", "iso_code": "ML"},
    {"name": "Malta", "name_es": "Malta", "iso_code": "MT"},
    {"name": "Marshall Islands", "name_es": "Islas Marshall", "iso_code": "MH"},
    {"name": "Martinique", "name_es": "Martinica", "iso_code": "MQ"},
    {"name": "Mauritania", "name_es": "Mauritania", "iso_code": "MR"},
    {"name": "Mauritius", "name_es": "Mauricio", "iso_code": "MU"},
    {"name": "Mayotte", "name_es": "Mayotte", "iso_code": "YT"},
    {"name": "Mexico", "name_es": "México", "iso_code": "MX"},
    {"name": "Micronesia, Federated States of", "name_es": "Micronesia", "iso_code": "FM"},
    {"name": "Moldova, Republic of", "name_es": "Moldavia", "iso_code": "MD"},
    {"name": "Monaco", "name_es": "Mónaco", "iso_code": "MC"},
    {"name": "Mongolia", "name_es": "Mongolia", "iso_code": "MN"},
    {"name": "Montenegro", "name_es": "Montenegro", "iso_code": "ME"},
    {"name": "Montserrat", "name_es": "Montserrat", "iso_code": "MS"},
    {"name": "Morocco", "name_es": "Marruecos", "iso_code": "MA"},
    {"name": "Mozambique", "name_es": "Mozambique", "iso_code": "MZ"},
    {"name": "Myanmar", "name_es": "Birmania", "iso_code": "MM"},
    {"name": "Namibia", "name_es": "Namibia", "iso_code": "NA"},
    {"name": "Nauru", "name_es": "Nauru", "iso_code": "NR"},
    {"name": "Nepal", "name_es": "Nepal", "iso_code": "NP"},
    {"name": "Netherlands", "name_es": "Países Bajos", "iso_code": "NL"},
    {"name": "Netherlands Antilles", "name_es": "Antillas Neerlandesas", "iso_code": "AN"},
    {"name": "New Caledonia", "name_es": "Nueva Caledonia", "iso_code": "NC"},
    {"name": "New Zealand", "name_es": "Nueva Zelanda", "iso_code": "NZ"},
    {"name": "Nicaragua", "name_es": "Nicaragua", "iso_code": "NI"},
    {"name": "Niger", "name_es": "Níger", "iso_code": "NE"},
    {"name": "Nigeria", "name_es": "Nigeria", "iso_code": "NG"},
    {"name": "Niue", "name_es": "Niue", "iso_code": "NU"},
    {"name": "Norfolk Island", "name_es": "Isla Norfolk", "iso_code": "NF"},
    {"name": "Northern Mariana Islands", "name_es": "Islas Marianas del Norte", "iso_code": "MP"},
    {"name": "Norway", "name_es": "Noruega", "iso_code": "NO"},
    {"name": "Oman", "name_es": "Omán", "iso_code": "OM"},
    {"name": "Pakistan", "name_es": "Pakistán", "iso_code": "PK"},
    {"name": "Palau", "name_es": "Palaos", "iso_code": "PW"},
    {"name": "Palestinian Territory, Occupied", "name_es": "Palestina", "iso_code": "PS"},
    {"name": "Panama", "name_es": "Panamá", "iso_code": "PA"},
    {"name": "Papua New Guinea", "name_es": "Papúa Nueva Guinea", "iso_code": "PG"},
    {"name": "Paraguay", "name_es": "Paraguay", "iso_code": "PY"},
    {"name": "Peru", "name_es": "Perú", "iso_code": "PE"},
    {"name": "Philippines", "name_es": "Filipinas", "iso_code": "PH"},
    {"name": "Pitcairn", "name_es": "Islas Pitcairn", "iso_code": "PN"},
    {"name": "Poland", "name_es": "Polonia", "iso_code": "PL"},
    {"name": "Portugal", "name_es": "Portugal", "iso_code": "PT"},
    {"name": "Puerto Rico", "name_es": "Puerto Rico", "iso_code": "PR"},
    {"name": "Qatar", "name_es": "Catar", "iso_code": "QA"},
    {"name": "Reunion", "name_es": "Reunión", "iso_code": "RE"},
    {"name": "Romania", "name_es": "Rumania", "iso_code": "RO"},
    {"name": "Russian Federation", "name_es": "Rusia", "iso_code": "RU"},
    {"name": "RWANDA", "name_es": "Ruanda", "iso_code": "RW"},
    {"name": "Saint Helena", "name_es": "Santa Elena", "iso_code": "SH"},
    {"name": "Saint Kitts and Nevis", "name_es": "San Cristóbal y Nieves", "iso_code": "KN"},
    {"name": "Saint Lucia", "name_es": "Santa Lucía", "iso_code": "LC"},
    {"name": "Saint Pierre and Miquelon", "name_es": "San Pedro y Miquelón", "iso_code": "PM"},
    {"name": "Saint Vincent and the Grenadines", "name_es": "San Vicente y las Granadinas", "iso_code": "VC"},
    {"name": "Samoa", "name_es": "Samoa", "iso_code": "WS"},
    {"name": "San Marino", "name_es": "San Marino", "iso_code": "SM"},
    {"name": "Sao Tome and Principe", "name_es": "Santo Tomé y Príncipe", "iso_code": "ST"},
    {"name": "Saudi Arabia", "name_es": "Arabia Saudita", "iso_code": "SA"},
    {"name": "Senegal", "name_es": "Senegal", "iso_code": "SN"},
    {"name": "Serbia", "name_es": "Serbia", "iso_code": "RS"},
    {"name": "Seychelles", "name_es": "Seychelles", "iso_code": "SC"},
    {"name": "Sierra Leone", "name_es": "Sierra Leona", "iso_code": "SL"},
    {"name": "Singapore", "name_es": "Singapur", "iso_code": "SG"},
    {"name": "Slovakia", "name_es": "Eslovaquia", "iso_code": "SK"},
    {"name": "Slovenia", "name_es": "Eslovenia", "iso_code": "SI"},
    {"name": "Solomon Islands", "name_es": "Islas Salomón", "iso_code": "SB"},
    {"name": "Somalia", "name_es": "Somalia", "iso_code": "SO"},
    {"name": "South Africa", "name_es": "Sudáfrica", "iso_code": "ZA"},
    {"name": "South Georgia and the South Sandwich Islands", "name_es": "Islas Georgias del Sur y Sandwich del Sur", "iso_code": "GS"},
    {"name": "Spain", "name_es": "España", "iso_code": "ES"},
    {"name": "Sri Lanka", "name_es": "Sri Lanka", "iso_code": "LK"},
    {"name": "Sudan", "name_es": "Sudán", "iso_code": "SD"},
    {"name": "Suriname", "name_es": "Surinam", "iso_code": "SR"},
    {"name": "Svalbard and Jan Mayen", "name_es": "Svalbard y Jan Mayen", "iso_code": "SJ"},
    {"name": "Swaziland", "name_es": "Esuatini", "iso_code": "SZ"},
    {"name": "Sweden", "name_es": "Suecia", "iso_code": "SE"},
    {"name": "Switzerland", "name_es": "Suiza", "iso_code": "CH"},
    {"name": "Syrian Arab Republic", "name_es": "Siria", "iso_code": "SY"},
    {"name": "Taiwan, Province of China", "name_es": "Taiwán", "iso_code": "TW"},
    {"name": "Tajikistan", "name_es": "Tayikistán", "iso_code": "TJ"},
    {"name": "Tanzania, United Republic of", "name_es": "Tanzania", "iso_code": "TZ"},
    {"name": "Thailand", "name_es": "Tailandia", "iso_code": "TH"},
    {"name": "Timor-Leste", "name_es": "Timor Oriental", "iso_code": "TL"},
    {"name": "Togo", "name_es": "Togo", "iso_code": "TG"},
    {"name": "Tokelau", "name_es": "Tokelau", "iso_code": "TK"},
    {"name": "Tonga", "name_es": "Tonga", "iso_code": "TO"},
    {"name": "Trinidad and Tobago", "name_es": "Trinidad y Tobago", "iso_code": "TT"},
    {"name": "Tunisia", "name_es": "Túnez", "iso_code": "TN"},
    {"name": "Turkey", "name_es": "Turquía", "iso_code": "TR"},
    {"name": "Turkmenistan", "name_es": "Turkmenistán", "iso_code": "TM"},
    {"name": "Turks and Caicos Islands", "name_es": "Islas Turcas y Caicos", "iso_code": "TC"},
    {"name": "Tuvalu", "name_es": "Tuvalu", "iso_code": "TV"},
    {"name": "Uganda", "name_es": "Uganda", "iso_code": "UG"},
    {"name": "Ukraine", "name_es": "Ucrania", "iso_code": "UA"},
    {"name": "United Arab Emirates", "name_es": "Emiratos Árabes Unidos", "iso_code": "AE"},
    {"name": "United Kingdom", "name_es": "Reino Unido", "iso_code": "GB"},
    {"name": "United States", "name_es": "Estados Unidos", "iso_code": "US"},
    {"name": "United States Minor Outlying Islands", "name_es": "Islas Ultramarinas Menores de Estados Unidos", "iso_code": "UM"},
    {"name": "Uruguay", "name_es": "Uruguay", "iso_code": "UY"},
    {"name": "Uzbekistan", "name_es": "Uzbekistán", "iso_code": "UZ"},
    {"name": "Vanuatu", "name_es": "Vanuatu", "iso_code": "VU"},
    {"name": "Venezuela", "name_es": "Venezuela", "iso_code": "VE"},
    {"name": "Viet Nam", "name_es": "Vietnam", "iso_code": "VN"},
    {"name": "Virgin Islands, British", "name_es": "Islas Vírgenes Británicas", "iso_code": "VG"},
    {"name": "Virgin Islands, U.S.", "name_es": "Islas Vírgenes de EE.UU.", "iso_code": "VI"},
    {"name": "Wallis and Futuna", "name_es": "Wallis y Futuna", "iso_code": "WF"},
    {"name": "Western Sahara", "name_es": "Sáhara Occidental", "iso_code": "EH"},
    {"name": "Yemen", "name_es": "Yemen", "iso_code": "YE"},
    {"name": "Zambia", "name_es": "Zambia", "iso_code": "ZM"},
    {"name": "Zimbabwe", "name_es": "Zimbabue", "iso_code": "ZW"},
    {"name": "Roman Empire", "name_es": "Imperio Romano", "iso_code": "ROM", "actual_name": "Italy", "actual_name_es": "Italia"},
    {"name": "Ancient Rome", "name_es": "Roma Antigua", "iso_code": "ROMA", "actual_name": "Italy", "actual_name_es": "Italia"},
    {"name": "Gaul", "name_es": "Galia", "iso_code": "GAL", "actual_name": "France", "actual_name_es": "Francia"},
    {"name": "Britannia", "name_es": "Britania", "iso_code": "BRIT", "actual_name": "United Kingdom", "actual_name_es": "Reino Unido"},
    {"name": "Hispania", "name_es": "Hispania", "iso_code": "HISP", "actual_name": "Spain", "actual_name_es": "España"},
    {"name": "Lusitania", "name_es": "Lusitania", "iso_code": "LUSI", "actual_name": "Portugal", "actual_name_es": "Portugal"},
    {"name": "Ancient Persia", "name_es": "Persia Antigua", "iso_code": "PER", "actual_name": "Iran", "actual_name_es": "Irán"},
    {"name": "Mesopotamia", "name_es": "Mesopotamia", "iso_code": "MESO", "actual_name": "Iraq", "actual_name_es": "Irak"},
    {"name": "Ancient Egypt", "name_es": "Antiguo Egipto", "iso_code": "AEGY", "actual_name": "Egypt", "actual_name_es": "Egipto"},
    {"name": "Babylonia", "name_es": "Babilonia", "iso_code": "BAB", "actual_name": "Iraq", "actual_name_es": "Irak"},
    {"name": "Assyria", "name_es": "Asiria", "iso_code": "ASY", "actual_name": "Iraq", "actual_name_es": "Irak"},
    {"name": "Byzantine Empire", "name_es": "Imperio Bizantino", "iso_code": "BYZ", "actual_name": "Turkey", "actual_name_es": "Turquía"},
    {"name": "Phoenicia", "name_es": "Fenicia", "iso_code": "PHO", "actual_name": "Lebanon", "actual_name_es": "Líbano"},
    {"name": "Carthage", "name_es": "Cartago", "iso_code": "CAR", "actual_name": "Tunisia", "actual_name_es": "Túnez"},
    {"name": "Numidia", "name_es": "Numidia", "iso_code": "NUM", "actual_name": "Algeria", "actual_name_es": "Argelia"},
    {"name": "Ancient Macedonia", "name_es": "Macedonia Antigua", "iso_code": "AMAC", "actual_name": "North Macedonia", "actual_name_es": "Macedonia del Norte"},
    {"name": "Thrace", "name_es": "Tracia", "iso_code": "THR", "actual_name": "Bulgaria", "actual_name_es": "Bulgaria"},
    {"name": "Dacia", "name_es": "Dacia", "iso_code": "DAC", "actual_name": "Romania", "actual_name_es": "Rumania"},
    {"name": "Illyria", "name_es": "Iliria", "iso_code": "ILL", "actual_name": "Albania", "actual_name_es": "Albania"},
    {"name": "Parthian Empire", "name_es": "Imperio Parto", "iso_code": "PAR", "actual_name": "Iran", "actual_name_es": "Irán"},
    {"name": "Prussia", "name_es": "Prusia", "iso_code": "PRU", "actual_name": "Germany", "actual_name_es": "Alemania"},
    {"name": "Ottoman Empire", "name_es": "Imperio Otomano", "iso_code": "OTT", "actual_name": "Turkey", "actual_name_es": "Turquía"},
    {"name": "Al-Andalus", "name_es": "Al-Ándalus", "iso_code": "AND", "actual_name": "Spain", "actual_name_es": "España"},
    {"name": "Aztec Empire", "name_es": "Imperio Azteca", "iso_code": "AZT", "actual_name": "Mexico", "actual_name_es": "México"},
    {"name": "Inca Empire", "name_es": "Imperio Inca", "iso_code": "INC", "actual_name": "Peru", "actual_name_es": "Perú"},
    {"name": "Maya Civilization", "name_es": "Civilización Maya", "iso_code": "MAY", "actual_name": "Guatemala", "actual_name_es": "Guatemala"},
    {"name": "Maurya Empire", "name_es": "Imperio Maurya", "iso_code": "MAU", "actual_name": "India", "actual_name_es": "India"},
    {"name": "Sumer", "name_es": "Sumeria", "iso_code": "SUM", "actual_name": "Iraq", "actual_name_es": "Irak"},
    {"name": "Akkadian Empire", "name_es": "Imperio Acadio", "iso_code": "AKK", "actual_name": "Iraq", "actual_name_es": "Irak"},
    {"name": "Hittite Empire", "name_es": "Imperio Hitita", "iso_code": "HIT", "actual_name": "Turkey", "actual_name_es": "Turquía"},
    {"name": "Ancient Greece", "name_es": "Antigua Grecia", "iso_code": "AGR", "actual_name": "Greece", "actual_name_es": "Grecia"},
    {"name": "Sparta", "name_es": "Esparta", "iso_code": "SPA", "actual_name": "Greece", "actual_name_es": "Grecia"},
    {"name": "Athens", "name_es": "Atenas", "iso_code": "ATH", "actual_name": "Greece", "actual_name_es": "Grecia"},
    {"name": "Corinth", "name_es": "Corinto", "iso_code": "COR", "actual_name": "Greece", "actual_name_es": "Grecia"},
    {"name": "Thebes", "name_es": "Tebas", "iso_code": "THE", "actual_name": "Greece", "actual_name_es": "Grecia"},
    {"name": "Troy", "name_es": "Troya", "iso_code": "TRO", "actual_name": "Turkey", "actual_name_es": "Turquía"},
    {"name": "Mycenae", "name_es": "Micenas", "iso_code": "MYC", "actual_name": "Greece", "actual_name_es": "Grecia"},
    {"name": "Minoan Civilization", "name_es": "Civilización Minoica", "iso_code": "MIN", "actual_name": "Greece", "actual_name_es": "Grecia"},
    {"name": "Etruscan Civilization", "name_es": "Civilización Etrusca", "iso_code": "ETR", "actual_name": "Italy", "actual_name_es": "Italia"},
    {"name": "Seleucid Empire", "name_es": "Imperio Seléucida", "iso_code": "SEL", "actual_name": "Syria", "actual_name_es": "Siria"},
    {"name": "Ptolemaic Kingdom", "name_es": "Reino Ptolemaico", "iso_code": "PTO", "actual_name": "Egypt", "actual_name_es": "Egipto"},
    {"name": "Kingdom of Kush", "name_es": "Reino de Kush", "iso_code": "KUS", "actual_name": "Sudan", "actual_name_es": "Sudán"},
    {"name": "Aksumite Empire", "name_es": "Imperio Aksumita", "iso_code": "AKS", "actual_name": "Ethiopia", "actual_name_es": "Etiopía"},
    {"name": "Carthaginian Empire", "name_es": "Imperio Cartaginés", "iso_code": "CART", "actual_name": "Tunisia", "actual_name_es": "Túnez"},
    {"name": "Vandal Kingdom", "name_es": "Reino Vándalo", "iso_code": "VAN", "actual_name": "Tunisia", "actual_name_es": "Túnez"},
    {"name": "Visigothic Kingdom", "name_es": "Reino Visigodo", "iso_code": "VIS", "actual_name": "Spain", "actual_name_es": "España"},
    {"name": "Ostrogothic Kingdom", "name_es": "Reino Ostrogodo", "iso_code": "OST", "actual_name": "Italy", "actual_name_es": "Italia"},
    {"name": "Kingdom of the Lombards", "name_es": "Reino de los Lombardos", "iso_code": "LOM", "actual_name": "Italy", "actual_name_es": "Italia"},
    {"name": "Frankish Empire", "name_es": "Imperio Franco", "iso_code": "FRA", "actual_name": "France", "actual_name_es": "Francia"},
    {"name": "Holy Roman Empire", "name_es": "Sacro Imperio Romano Germánico", "iso_code": "HRE", "actual_name": "Germany", "actual_name_es": "Alemania"},
    {"name": "Carolingian Empire", "name_es": "Imperio Carolingio", "iso_code": "CARO", "actual_name": "France", "actual_name_es": "Francia"},
    {"name": "Umayyad Caliphate", "name_es": "Califato Omeya", "iso_code": "UMA", "actual_name": "Syria", "actual_name_es": "Siria"},
    {"name": "Abbasid Caliphate", "name_es": "Califato Abasí", "iso_code": "ABB", "actual_name": "Iraq", "actual_name_es": "Irak"},
    {"name": "Mongol Empire", "name_es": "Imperio Mongol", "iso_code": "MON", "actual_name": "Mongolia", "actual_name_es": "Mongolia"},
    {"name": "Golden Horde", "name_es": "Horda de Oro", "iso_code": "GOLD", "actual_name": "Russia", "actual_name_es": "Rusia"},
    {"name": "Timurid Empire", "name_es": "Imperio Timúrida", "iso_code": "TIM", "actual_name": "Uzbekistan", "actual_name_es": "Uzbekistán"},
    {"name": "Safavid Empire", "name_es": "Imperio Safávida", "iso_code": "SAF", "actual_name": "Iran", "actual_name_es": "Irán"},
    {"name": "Mughal Empire", "name_es": "Imperio Mogol", "iso_code": "MUG", "actual_name": "India", "actual_name_es": "India"},
    {"name": "Delhi Sultanate", "name_es": "Sultanato de Delhi", "iso_code": "DEL", "actual_name": "India", "actual_name_es": "India"},
    {"name": "Gupta Empire", "name_es": "Imperio Gupta", "iso_code": "GUP", "actual_name": "India", "actual_name_es": "India"},
    {"name": "Chola Dynasty", "name_es": "Dinastía Chola", "iso_code": "CHO", "actual_name": "India", "actual_name_es": "India"},
    {"name": "Kingdom of Vijayanagara", "name_es": "Reino de Vijayanagara", "iso_code": "VIJ", "actual_name": "India", "actual_name_es": "India"},
    {"name": "Ancient China", "name_es": "China Antigua", "iso_code": "ACHN", "actual_name": "China", "actual_name_es": "China"},
    {"name": "Qin Dynasty", "name_es": "Dinastía Qin", "iso_code": "QIN", "actual_name": "China", "actual_name_es": "China"},
    {"name": "Han Dynasty", "name_es": "Dinastía Han", "iso_code": "HAN", "actual_name": "China", "actual_name_es": "China"},
    {"name": "Tang Dynasty", "name_es": "Dinastía Tang", "iso_code": "TAN", "actual_name": "China", "actual_name_es": "China"},
    {"name": "Song Dynasty", "name_es": "Dinastía Song", "iso_code": "SON", "actual_name": "China", "actual_name_es": "China"},
    {"name": "Ming Dynasty", "name_es": "Dinastía Ming", "iso_code": "MIN2", "actual_name": "China", "actual_name_es": "China"},
    {"name": "Qing Dynasty", "name_es": "Dinastía Qing", "iso_code": "QNG", "actual_name": "China", "actual_name_es": "China"},
    {"name": "Yuan Dynasty", "name_es": "Dinastía Yuan", "iso_code": "YUA", "actual_name": "China", "actual_name_es": "China"},
    {"name": "Kingdom of Siam", "name_es": "Reino de Siam", "iso_code": "SIA", "actual_name": "Thailand", "actual_name_es": "Tailandia"},
    {"name": "Khmer Empire", "name_es": "Imperio Jemer", "iso_code": "KHM", "actual_name": "Cambodia", "actual_name_es": "Camboya"},
    {"name": "Majapahit Empire", "name_es": "Imperio Majapahit", "iso_code": "MAJ", "actual_name": "Indonesia", "actual_name_es": "Indonesia"},
    {"name": "Srivijaya Empire", "name_es": "Imperio Srivijaya", "iso_code": "SRI", "actual_name": "Indonesia", "actual_name_es": "Indonesia"},
    {"name": "Kingdom of Ayutthaya", "name_es": "Reino de Ayutthaya", "iso_code": "AYU", "actual_name": "Thailand", "actual_name_es": "Tailandia"},
    {"name": "Goguryeo", "name_es": "Goguryeo", "iso_code": "GOG", "actual_name": "Korea, Republic of", "actual_name_es": "Corea del Sur"},
    {"name": "Baekje", "name_es": "Baekje", "iso_code": "BAE", "actual_name": "Korea, Republic of", "actual_name_es": "Corea del Sur"},
    {"name": "Silla", "name_es": "Silla", "iso_code": "SIL", "actual_name": "Korea, Republic of", "actual_name_es": "Corea del Sur"},
    {"name": "Goryeo", "name_es": "Goryeo", "iso_code": "GOR", "actual_name": "Korea, Republic of", "actual_name_es": "Corea del Sur"},
    {"name": "Joseon", "name_es": "Joseon", "iso_code": "JOS", "actual_name": "Korea, Republic of", "actual_name_es": "Corea del Sur"},
    {"name": "Kingdom of Kongo", "name_es": "Reino del Kongo", "iso_code": "KON", "actual_name": "Democratic Republic of the Congo", "actual_name_es": "República Democrática del Congo"},
    {"name": "Mali Empire", "name_es": "Imperio de Malí", "iso_code": "MALI", "actual_name": "Mali", "actual_name_es": "Malí"},
    {"name": "Songhai Empire", "name_es": "Imperio Songhai", "iso_code": "SONG", "actual_name": "Mali", "actual_name_es": "Malí"},
    {"name": "Ghana Empire", "name_es": "Imperio de Ghana", "iso_code": "GHA", "actual_name": "Mauritania", "actual_name_es": "Mauritania"},
    {"name": "Kingdom of Zimbabwe", "name_es": "Reino de Zimbabue", "iso_code": "ZIM", "actual_name": "Zimbabwe", "actual_name_es": "Zimbabue"},
    {"name": "Ethiopian Empire", "name_es": "Imperio Etíope", "iso_code": "ETH", "actual_name": "Ethiopia", "actual_name_es": "Etiopía"},
    {"name": "Kingdom of Benin", "name_es": "Reino de Benín", "iso_code": "BEN", "actual_name": "Nigeria", "actual_name_es": "Nigeria"},
    {"name": "Oyo Empire", "name_es": "Imperio Oyo", "iso_code": "OYO", "actual_name": "Nigeria", "actual_name_es": "Nigeria"},
    {"name": "Zulu Kingdom", "name_es": "Reino Zulú", "iso_code": "ZUL", "actual_name": "South Africa", "actual_name_es": "Sudáfrica"},
    {"name": "Olmec Civilization", "name_es": "Civilización Olmeca", "iso_code": "OLM", "actual_name": "Mexico", "actual_name_es": "México"},
    {"name": "Toltec Empire", "name_es": "Imperio Tolteca", "iso_code": "TOL", "actual_name": "Mexico", "actual_name_es": "México"},
    {"name": "Teotihuacan", "name_es": "Teotihuacán", "iso_code": "TEO", "actual_name": "Mexico", "actual_name_es": "México"},
    {"name": "Zapotec Civilization", "name_es": "Civilización Zapoteca", "iso_code": "ZAP", "actual_name": "Mexico", "actual_name_es": "México"},
    {"name": "Mixtec Civilization", "name_es": "Civilización Mixteca", "iso_code": "MIX", "actual_name": "Mexico", "actual_name_es": "México"},
    {"name": "Moche Civilization", "name_es": "Civilización Moche", "iso_code": "MOC", "actual_name": "Peru", "actual_name_es": "Perú"},
    {"name": "Chimu Culture", "name_es": "Cultura Chimú", "iso_code": "CHI", "actual_name": "Peru", "actual_name_es": "Perú"},
    {"name": "Nazca Culture", "name_es": "Cultura Nazca", "iso_code": "NAZ", "actual_name": "Peru", "actual_name_es": "Perú"},
    {"name": "Tiwanaku Empire", "name_es": "Imperio Tiahuanaco", "iso_code": "TIW", "actual_name": "Bolivia", "actual_name_es": "Bolivia"},
    {"name": "Muisca Confederation", "name_es": "Confederación Muisca", "iso_code": "MUI", "actual_name": "Colombia", "actual_name_es": "Colombia"},
    {"name": "Austrian Empire", "name_es": "Imperio Austriaco", "iso_code": "AUS", "actual_name": "Austria", "actual_name_es": "Austria"},
    {"name": "Austro-Hungarian Empire", "name_es": "Imperio Austrohúngaro", "iso_code": "AH", "actual_name": "Austria", "actual_name_es": "Austria"},
    {"name": "Kingdom of Poland", "name_es": "Reino de Polonia", "iso_code": "POL", "actual_name": "Poland", "actual_name_es": "Polonia"},
    {"name": "Polish-Lithuanian Commonwealth", "name_es": "Mancomunidad Polaco-Lituana", "iso_code": "PLC", "actual_name": "Poland", "actual_name_es": "Polonia"},
    {"name": "Grand Duchy of Lithuania", "name_es": "Gran Ducado de Lituania", "iso_code": "LIT", "actual_name": "Lithuania", "actual_name_es": "Lituania"},
    {"name": "Kievan Rus", "name_es": "Rus de Kiev", "iso_code": "KIE", "actual_name": "Ukraine", "actual_name_es": "Ucrania"},
    {"name": "Tsardom of Russia", "name_es": "Zarato Ruso", "iso_code": "TSR", "actual_name": "Russian Federation", "actual_name_es": "Rusia"},
    {"name": "Russian Empire", "name_es": "Imperio Ruso", "iso_code": "RUSE", "actual_name": "Russian Federation", "actual_name_es": "Rusia"},
    {"name": "Soviet Union", "name_es": "Unión Soviética", "iso_code": "SU", "actual_name": "Russian Federation", "actual_name_es": "Rusia"},
    {"name": "Kingdom of Sweden", "name_es": "Reino de Suecia", "iso_code": "SWE", "actual_name": "Sweden", "actual_name_es": "Suecia"},
    {"name": "Danish Empire", "name_es": "Imperio Danés", "iso_code": "DEN", "actual_name": "Denmark", "actual_name_es": "Dinamarca"},
    {"name": "Kingdom of Norway", "name_es": "Reino de Noruega", "iso_code": "NOR", "actual_name": "Norway", "actual_name_es": "Noruega"},
    {"name": "Kalmar Union", "name_es": "Unión de Kalmar", "iso_code": "KAL", "actual_name": "Sweden", "actual_name_es": "Suecia"},
    {"name": "Kingdom of Navarre", "name_es": "Reino de Navarra", "iso_code": "NAV", "actual_name": "Spain", "actual_name_es": "España"},
    {"name": "Kingdom of Aragon", "name_es": "Reino de Aragón", "iso_code": "ARA", "actual_name": "Spain", "actual_name_es": "España"},
    {"name": "Kingdom of Castile", "name_es": "Reino de Castilla", "iso_code": "CAS", "actual_name": "Spain", "actual_name_es": "España"},
    {"name": "Kingdom of Leon", "name_es": "Reino de León", "iso_code": "LEO", "actual_name": "Spain", "actual_name_es": "España"},
    {"name": "Emirate of Cordoba", "name_es": "Emirato de Córdoba", "iso_code": "COR2", "actual_name": "Spain", "actual_name_es": "España"},
    {"name": "Caliphate of Cordoba", "name_es": "Califato de Córdoba", "iso_code": "CAL", "actual_name": "Spain", "actual_name_es": "España"},
    {"name": "Taifa Kingdoms", "name_es": "Reinos de Taifas", "iso_code": "TAI", "actual_name": "Spain", "actual_name_es": "España"},
    {"name": "Kingdom of Granada", "name_es": "Reino de Granada", "iso_code": "GRA", "actual_name": "Spain", "actual_name_es": "España"},
    {"name": "Republic of Venice", "name_es": "República de Venecia", "iso_code": "VEN", "actual_name": "Italy", "actual_name_es": "Italia"},
    {"name": "Republic of Genoa", "name_es": "República de Génova", "iso_code": "GEN", "actual_name": "Italy", "actual_name_es": "Italia"},
    {"name": "Republic of Florence", "name_es": "República de Florencia", "iso_code": "FLO", "actual_name": "Italy", "actual_name_es": "Italia"},
    {"name": "Kingdom of Sicily", "name_es": "Reino de Sicilia", "iso_code": "SIC", "actual_name": "Italy", "actual_name_es": "Italia"},
    {"name": "Kingdom of Naples", "name_es": "Reino de Nápoles", "iso_code": "NAP", "actual_name": "Italy", "actual_name_es": "Italia"},
    {"name": "Papal States", "name_es": "Estados Pontificios", "iso_code": "PAP", "actual_name": "Vatican City State", "actual_name_es": "Ciudad del Vaticano"},
    {"name": "Kingdom of Sardinia", "name_es": "Reino de Cerdeña", "iso_code": "SAR", "actual_name": "Italy", "actual_name_es": "Italia"},
    {"name": "Duchy of Milan", "name_es": "Ducado de Milán", "iso_code": "MIL", "actual_name": "Italy", "actual_name_es": "Italia"},
    {"name": "Teutonic Order", "name_es": "Orden Teutónica", "iso_code": "TEU", "actual_name": "Poland", "actual_name_es": "Polonia"},
    {"name": "Hanseatic League", "name_es": "Liga Hanseática", "iso_code": "HAN2", "actual_name": "Germany", "actual_name_es": "Alemania"},
    {"name": "Kingdom of Bavaria", "name_es": "Reino de Baviera", "iso_code": "BAV", "actual_name": "Germany", "actual_name_es": "Alemania"},
    {"name": "Kingdom of Saxony", "name_es": "Reino de Sajonia", "iso_code": "SAX", "actual_name": "Germany", "actual_name_es": "Alemania"},
    {"name": "Bohemia", "name_es": "Bohemia", "iso_code": "BOH", "actual_name": "Czech Republic", "actual_name_es": "República Checa"},
    {"name": "Moravia", "name_es": "Moravia", "iso_code": "MOR", "actual_name": "Czech Republic", "actual_name_es": "República Checa"},
    {"name": "Kingdom of Hungary", "name_es": "Reino de Hungría", "iso_code": "HUN", "actual_name": "Hungary", "actual_name_es": "Hungría"},
    {"name": "Kingdom of Croatia", "name_es": "Reino de Croacia", "iso_code": "CRO", "actual_name": "Croatia", "actual_name_es": "Croacia"},
    {"name": "Kingdom of Serbia", "name_es": "Reino de Serbia", "iso_code": "SER", "actual_name": "Serbia", "actual_name_es": "Serbia"},
    {"name": "Kingdom of Bulgaria", "name_es": "Reino de Bulgaria", "iso_code": "BUL", "actual_name": "Bulgaria", "actual_name_es": "Bulgaria"},
    {"name": "Wallachia", "name_es": "Valaquia", "iso_code": "WAL", "actual_name": "Romania", "actual_name_es": "Rumania"},
    {"name": "Moldavia", "name_es": "Moldavia", "iso_code": "MOL", "actual_name": "Moldova", "actual_name_es": "Moldavia"},
    {"name": "Transylvania", "name_es": "Transilvania", "iso_code": "TRA", "actual_name": "Romania", "actual_name_es": "Rumania"},
    {"name": "Crimean Khanate", "name_es": "Kanato de Crimea", "iso_code": "CRI", "actual_name": "Ukraine", "actual_name_es": "Ucrania"},
    {"name": "Kingdom of Jerusalem", "name_es": "Reino de Jerusalén", "iso_code": "JER", "actual_name": "Israel", "actual_name_es": "Israel"},
    {"name": "Latin Empire", "name_es": "Imperio Latino", "iso_code": "LAT", "actual_name": "Turkey", "actual_name_es": "Turquía"},
    {"name": "Empire of Trebizond", "name_es": "Imperio de Trebisonda", "iso_code": "TRE", "actual_name": "Turkey", "actual_name_es": "Turquía"},
    {"name": "Fatimid Caliphate", "name_es": "Califato Fatimí", "iso_code": "FAT", "actual_name": "Egypt", "actual_name_es": "Egipto"},
    {"name": "Mamluk Sultanate", "name_es": "Sultanato Mameluco", "iso_code": "MAM", "actual_name": "Egypt", "actual_name_es": "Egipto"},
    {"name": "Ayyubid Dynasty", "name_es": "Dinastía Ayubí", "iso_code": "AYY", "actual_name": "Egypt", "actual_name_es": "Egipto"},
    {"name": "Sassanid Empire", "name_es": "Imperio Sasánida", "iso_code": "SAS", "actual_name": "Iran", "actual_name_es": "Irán"},
    {"name": "Achaemenid Empire", "name_es": "Imperio Aqueménida", "iso_code": "ACH", "actual_name": "Iran", "actual_name_es": "Irán"},
    {"name": "Median Empire", "name_es": "Imperio Medo", "iso_code": "MED", "actual_name": "Iran", "actual_name_es": "Irán"},
    {"name": "Elamite Empire", "name_es": "Imperio Elamita", "iso_code": "ELA", "actual_name": "Iran", "actual_name_es": "Irán"},
    {"name": "Kingdom of Armenia", "name_es": "Reino de Armenia", "iso_code": "ARM", "actual_name": "Armenia", "actual_name_es": "Armenia"},
    {"name": "Kingdom of Georgia", "name_es": "Reino de Georgia", "iso_code": "GEO", "actual_name": "Georgia", "actual_name_es": "Georgia"},
    {"name": "Sogdia", "name_es": "Sogdiana", "iso_code": "SOG", "actual_name": "Uzbekistan", "actual_name_es": "Uzbekistán"},
    {"name": "Bactria", "name_es": "Bactriana", "iso_code": "BAC", "actual_name": "Afghanistan", "actual_name_es": "Afganistán"},
    {"name": "Kingdom of Pergamon", "name_es": "Reino de Pérgamo", "iso_code": "PER2", "actual_name": "Turkey", "actual_name_es": "Turquía"},
    {"name": "Kingdom of Pontus", "name_es": "Reino del Ponto", "iso_code": "PON", "actual_name": "Turkey", "actual_name_es": "Turquía"},
    {"name": "Lydia", "name_es": "Lidia", "iso_code": "LYD", "actual_name": "Turkey", "actual_name_es": "Turquía"},
    {"name": "Phrygia", "name_es": "Frigia", "iso_code": "PHR", "actual_name": "Turkey", "actual_name_es": "Turquía"},
    {"name": "Urartu", "name_es": "Urartu", "iso_code": "URA", "actual_name": "Armenia", "actual_name_es": "Armenia"},
    {"name": "Kingdom of Israel", "name_es": "Reino de Israel", "iso_code": "ISR", "actual_name": "Israel", "actual_name_es": "Israel"},
    {"name": "Kingdom of Judah", "name_es": "Reino de Judá", "iso_code": "JUD", "actual_name": "Israel", "actual_name_es": "Israel"},
    {"name": "Nabataean Kingdom", "name_es": "Reino Nabateo", "iso_code": "NAB", "actual_name": "Jordan", "actual_name_es": "Jordania"},
    {"name": "Palmyrene Empire", "name_es": "Imperio de Palmira", "iso_code": "PAL", "actual_name": "Syria", "actual_name_es": "Siria"},
    {"name": "Kingdom of Axum", "name_es": "Reino de Aksum", "iso_code": "AXU", "actual_name": "Ethiopia", "actual_name_es": "Etiopía"},
    {"name": "Land of Punt", "name_es": "Tierra de Punt", "iso_code": "PUN", "actual_name": "Somalia", "actual_name_es": "Somalia"},
    {"name": "Nubia", "name_es": "Nubia", "iso_code": "NUB", "actual_name": "Sudan", "actual_name_es": "Sudán"},
    {"name": "Meroe", "name_es": "Meroe", "iso_code": "MER", "actual_name": "Sudan", "actual_name_es": "Sudán"},
    {"name": "Kanem-Bornu Empire", "name_es": "Imperio Kanem-Bornu", "iso_code": "KAN", "actual_name": "Chad", "actual_name_es": "Chad"},
    {"name": "Jolof Empire", "name_es": "Imperio Jolof", "iso_code": "JOL", "actual_name": "Senegal", "actual_name_es": "Senegal"},
    {"name": "Ashanti Empire", "name_es": "Imperio Ashanti", "iso_code": "ASH", "actual_name": "Ghana", "actual_name_es": "Ghana"},
    {"name": "Kingdom of Dahomey", "name_es": "Reino de Dahomey", "iso_code": "DAH", "actual_name": "Benin", "actual_name_es": "Benín"},
    {"name": "Mutapa Empire", "name_es": "Imperio Mutapa", "iso_code": "MUT", "actual_name": "Zimbabwe", "actual_name_es": "Zimbabue"},
    {"name": "Kingdom of Mapungubwe", "name_es": "Reino de Mapungubwe", "iso_code": "MAP", "actual_name": "South Africa", "actual_name_es": "Sudáfrica"},
    {"name": "Kilwa Sultanate", "name_es": "Sultanato de Kilwa", "iso_code": "KIL", "actual_name": "Tanzania", "actual_name_es": "Tanzania"},
    {"name": "Adal Sultanate", "name_es": "Sultanato de Adal", "iso_code": "ADA", "actual_name": "Somalia", "actual_name_es": "Somalia"},
    {"name": "Almoravid Dynasty", "name_es": "Dinastía Almorávide", "iso_code": "ALM", "actual_name": "Morocco", "actual_name_es": "Marruecos"},
    {"name": "Almohad Caliphate", "name_es": "Califato Almohade", "iso_code": "ALMO", "actual_name": "Morocco", "actual_name_es": "Marruecos"},
    {"name": "Marinid Dynasty", "name_es": "Dinastía Meriní", "iso_code": "MAR", "actual_name": "Morocco", "actual_name_es": "Marruecos"},
    {"name": "Saadi Dynasty", "name_es": "Dinastía Saadí", "iso_code": "SAA", "actual_name": "Morocco", "actual_name_es": "Marruecos"},
    {"name": "Idrisid Dynasty", "name_es": "Dinastía Idrísida", "iso_code": "IDR", "actual_name": "Morocco", "actual_name_es": "Marruecos"},
    {"name": "Rustamid Dynasty", "name_es": "Dinastía Rustamí", "iso_code": "RUS", "actual_name": "Algeria", "actual_name_es": "Argelia"},
    {"name": "Zirid Dynasty", "name_es": "Dinastía Zirí", "iso_code": "ZIR", "actual_name": "Tunisia", "actual_name_es": "Túnez"},
    {"name": "Hafsid Dynasty", "name_es": "Dinastía Hafsí", "iso_code": "HAF", "actual_name": "Tunisia", "actual_name_es": "Túnez"},
    {"name": "Aghlabid Emirate", "name_es": "Emirato Aglabí", "iso_code": "AGL", "actual_name": "Tunisia", "actual_name_es": "Túnez"}
]
